﻿<?xml version="1.0" encoding="utf-8" ?>
<TourStops>
	<TourStop StopNumber="1">
		<Name>Coffee at Paddington's Pastries</Name>
		<GPS>
			<Latitude>41.875893</Latitude>
			<Longitude>41.876054</Longitude>
		</GPS>
		<Description>
			Start the morning with a jolt of coffee goodness from this trendy shop. Don't miss the Caramel Crater pastry, guaranteed to amp up your morning carb count.
		</Description>
	</TourStop>

	<TourStop StopNumber="2">
		<Name>Buckingham Fountain</Name>
		<GPS>
			<Latitude>41.876054</Latitude>
			<Longitude>87.618835</Longitude>
		</GPS>
		<Description>
			Buckingham Fountain is a Chicago landmark and one of the largest in the world. While in operation, the Fountain produces a 150 foot spectacular water display for 20 minutes every hour.
		</Description>
	</TourStop>
	<TourStop StopNumber="3">
		<Name>Art Institute of Chicago</Name>
		<GPS>
			<Latitude>41.880074</Latitude>
			<Longitude>-87.622147</Longitude>
		</GPS>
		<Description>
			The Art Institute of Chicago is an art museum located in Chicago's Grant Park. It features a collection of Impressionist and Post-Impressionist art in its permanent collection.
		</Description>
	</TourStop>
	<TourStop StopNumber="4">
		<Name>Lunch at Zekki's</Name>
		<GPS>
			<Latitude>41.880606</Latitude>
			<Longitude>-87.625324</Longitude>
		</GPS>
		<Description>
			On a good day, Chef Mandro Zekki spins a fantastic lunch scene in her signature café. On a great day you'll swoon over the impeccable lunch entries. Try the Sea Dragon Salad or the Scarlet Blossom Penne
		</Description>
	</TourStop>
	<TourStop StopNumber="5">
		<Name>Cloud Gate Sculpture</Name>
		<GPS>
			<Latitude>41.882557</Latitude>
			<Longitude>-87.623383</Longitude>
		</GPS>
		<Description>
			The iconic Cloud Gate sculpture is a delight for kids and adults alike. Its design was inspired by liquid mercury and the sculpture's surface reflects and distorts the city's skyline. Visitors are able to walk around and under Cloud Gate's high arch.
		</Description>
	</TourStop>
	<TourStop StopNumber="6">
		<Name>Lurie Garden</Name>
		<GPS>
			<Latitude>41.881436</Latitude>
			<Longitude>87.621796</Longitude>
		</GPS>
		<Description>
			Lurie Garden is a 2.5-acre (10,000 m2) garden containing a combination of perennials, bulbs, grasses, shrubs and trees. It is the featured nature component of the world's largest green roof.
		</Description>
	</TourStop>
	<TourStop StopNumber="7">
		<Name>"Pretzels at The Braid Line</Name>
		<GPS>
			<Latitude>41.884249</Latitude>
			<Longitude>87.624182</Longitude>
		</GPS>
		<Description>
			Sidle up to this open air pretzel bakery and marvel at the creative knots on display. Served with nearly 100 distinct mustard dipping sauces, you've never seen or tasted pretzels like these.
		</Description>
	</TourStop>
</TourStops>